{"cameraMode":{"drawMode":0,"name":"Shaded","section":"Shading Mode"},"sceneLighting":false,"audioPlay":false,"sceneViewState":{"m_AlwaysRefresh":false,"showFog":true,"showSkybox":true,"showFlares":true,"showImageEffects":true,"showParticleSystems":true,"showVisualEffectGraphs":true,"m_FxEnabled":true},"in2DMode":false,"pivot":{"x":5.796485424041748,"y":5.874198913574219,"z":-3.319999933242798},"rotation":{"x":-0.021001530811190606,"y":-0.025494500994682313,"z":0.000536152278073132,"w":-0.9994596838951111},"size":5.812164783477783,"orthographic":false}